{
  "main": {
    "id": "22c413286d0aeaea",
    "type": "split",
    "children": [
      {
        "id": "8499333435e0af92",
        "type": "tabs",
        "children": [
          {
            "id": "d5266d169a1d9ee4",
            "type": "leaf",
            "state": {
              "type": "markdown",
              "state": {
                "file": "rešerše/rešerše-blok-1.md",
                "mode": "source",
                "source": false
              }
            }
          }
        ]
      }
    ],
    "direction": "vertical"
  },
  "left": {
    "id": "cf1ef2c3c8c5291d",
    "type": "split",
    "children": [
      {
        "id": "44039e70d56c2a3e",
        "type": "tabs",
        "children": [
          {
            "id": "3a9b267943f530f6",
            "type": "leaf",
            "state": {
              "type": "file-explorer",
              "state": {
                "sortOrder": "alphabetical"
              }
            }
          },
          {
            "id": "791f645e3a73a15f",
            "type": "leaf",
            "state": {
              "type": "search",
              "state": {
                "query": "",
                "matchingCase": false,
                "explainSearch": false,
                "collapseAll": false,
                "extraContext": false,
                "sortOrder": "alphabetical"
              }
            }
          },
          {
            "id": "e2b6ae1657344363",
            "type": "leaf",
            "state": {
              "type": "starred",
              "state": {}
            }
          }
        ]
      }
    ],
    "direction": "horizontal",
    "width": 300
  },
  "right": {
    "id": "3bc8bb7d6183765e",
    "type": "split",
    "children": [
      {
        "id": "09062aca222e406a",
        "type": "tabs",
        "children": [
          {
            "id": "532fd97899c3f215",
            "type": "leaf",
            "state": {
              "type": "backlink",
              "state": {
                "file": "rešerše/rešerše-blok-1.md",
                "collapseAll": false,
                "extraContext": false,
                "sortOrder": "alphabetical",
                "showSearch": false,
                "searchQuery": "",
                "backlinkCollapsed": false,
                "unlinkedCollapsed": true
              }
            }
          },
          {
            "id": "946617a2d09f1884",
            "type": "leaf",
            "state": {
              "type": "outgoing-link",
              "state": {
                "file": "rešerše/rešerše-blok-1.md",
                "linksCollapsed": false,
                "unlinkedCollapsed": true
              }
            }
          },
          {
            "id": "c4017245ba1e7b72",
            "type": "leaf",
            "state": {
              "type": "tag",
              "state": {
                "sortOrder": "frequency",
                "useHierarchy": true
              }
            }
          },
          {
            "id": "d0af1b736d843f53",
            "type": "leaf",
            "state": {
              "type": "outline",
              "state": {
                "file": "rešerše/rešerše-blok-1.md"
              }
            }
          }
        ]
      }
    ],
    "direction": "horizontal",
    "width": 300,
    "collapsed": true
  },
  "left-ribbon": {
    "hiddenItems": {
      "switcher:Open quick switcher": false,
      "graph:Open graph view": false,
      "canvas:Create new canvas": false,
      "daily-notes:Open today's daily note": false,
      "templates:Insert template": false,
      "command-palette:Open command palette": false
    }
  },
  "active": "d5266d169a1d9ee4",
  "lastOpenFiles": [
    "Poznamka s Kasou.md",
    "rešerše/rešerše-blok-2.md",
    "zdroje/Extrastatecraft.md",
    "rešerše/rešerše-blok-1.md",
    "Untitled.canvas",
    "zdroje/What constitutes good design?.md",
    "Architecture 2030.md",
    "rešerše/rešerše-blok-4.md",
    "rešerše/rešerše-blok-3.md",
    "osobnosti/Keller Easterling.md"
  ]
}